email,name
user1@example.com,User 1
user2@example.com,User 2
user3@example.com,User 3
user4@example.com,User 4
user5@example.com,User 5
user6@example.com,User 6
user7@example.com,User 7
user8@example.com,User 8
user9@example.com,User 9
user10@example.com,User 10
user11@example.com,User 11
user12@example.com,User 12
user13@example.com,User 13
user14@example.com,User 14
user15@example.com,User 15
user16@example.com,User 16
user17@example.com,User 17
user18@example.com,User 18
user19@example.com,User 19
user20@example.com,User 20
user21@example.com,User 21
user22@example.com,User 22
user23@example.com,User 23
user24@example.com,User 24
user25@example.com,User 25
user26@example.com,User 26
user27@example.com,User 27
user28@example.com,User 28
user29@example.com,User 29
user30@example.com,User 30
user31@example.com,User 31
user32@example.com,User 32
user33@example.com,User 33
user34@example.com,User 34
user35@example.com,User 35
user36@example.com,User 36
user37@example.com,User 37
user38@example.com,User 38
user39@example.com,User 39
user40@example.com,User 40
user41@example.com,User 41
user42@example.com,User 42
user43@example.com,User 43
user44@example.com,User 44
user45@example.com,User 45
user46@example.com,User 46
user47@example.com,User 47
user48@example.com,User 48
user49@example.com,User 49
user50@example.com,User 50
user51@example.com,User 51
user52@example.com,User 52
user53@example.com,User 53
user54@example.com,User 54
user55@example.com,User 55
user56@example.com,User 56
user57@example.com,User 57
user58@example.com,User 58
user59@example.com,User 59
user60@example.com,User 60
user61@example.com,User 61
user62@example.com,User 62
user63@example.com,User 63
user64@example.com,User 64
user65@example.com,User 65
user66@example.com,User 66
user67@example.com,User 67
user68@example.com,User 68
user69@example.com,User 69
user70@example.com,User 70
user71@example.com,User 71
user72@example.com,User 72
user73@example.com,User 73
user74@example.com,User 74
user75@example.com,User 75
user76@example.com,User 76
user77@example.com,User 77
user78@example.com,User 78
user79@example.com,User 79
user80@example.com,User 80
user81@example.com,User 81
user82@example.com,User 82
user83@example.com,User 83
user84@example.com,User 84
user85@example.com,User 85
user86@example.com,User 86
user87@example.com,User 87
user88@example.com,User 88
user89@example.com,User 89
user90@example.com,User 90
user91@example.com,User 91
user92@example.com,User 92
user93@example.com,User 93
user94@example.com,User 94
user95@example.com,User 95
user96@example.com,User 96
user97@example.com,User 97
user98@example.com,User 98
user99@example.com,User 99
user100@example.com,User 100
user101@example.com,User 101
user102@example.com,User 102
user103@example.com,User 103
user104@example.com,User 104
user105@example.com,User 105
user106@example.com,User 106
user107@example.com,User 107
user108@example.com,User 108
user109@example.com,User 109
user110@example.com,User 110
user111@example.com,User 111
user112@example.com,User 112
user113@example.com,User 113
user114@example.com,User 114
user115@example.com,User 115
user116@example.com,User 116
user117@example.com,User 117
user118@example.com,User 118
user119@example.com,User 119
user120@example.com,User 120
user121@example.com,User 121
user122@example.com,User 122
user123@example.com,User 123
user124@example.com,User 124
user125@example.com,User 125
user126@example.com,User 126
user127@example.com,User 127
user128@example.com,User 128
user129@example.com,User 129
user130@example.com,User 130
user131@example.com,User 131
user132@example.com,User 132
user133@example.com,User 133
user134@example.com,User 134
user135@example.com,User 135
user136@example.com,User 136
user137@example.com,User 137
user138@example.com,User 138
user139@example.com,User 139
user140@example.com,User 140
user141@example.com,User 141
user142@example.com,User 142
user143@example.com,User 143
user144@example.com,User 144
user145@example.com,User 145
user146@example.com,User 146
user147@example.com,User 147
user148@example.com,User 148
user149@example.com,User 149
user150@example.com,User 150
user151@example.com,User 151
user152@example.com,User 152
user153@example.com,User 153
user154@example.com,User 154
user155@example.com,User 155
user156@example.com,User 156
user157@example.com,User 157
user158@example.com,User 158
user159@example.com,User 159
user160@example.com,User 160
user161@example.com,User 161
user162@example.com,User 162
user163@example.com,User 163
user164@example.com,User 164
user165@example.com,User 165
user166@example.com,User 166
user167@example.com,User 167
user168@example.com,User 168
user169@example.com,User 169
user170@example.com,User 170
user171@example.com,User 171
user172@example.com,User 172
user173@example.com,User 173
user174@example.com,User 174
user175@example.com,User 175
user176@example.com,User 176
user177@example.com,User 177
user178@example.com,User 178
user179@example.com,User 179
user180@example.com,User 180
user181@example.com,User 181
user182@example.com,User 182
user183@example.com,User 183
user184@example.com,User 184
user185@example.com,User 185
user186@example.com,User 186
user187@example.com,User 187
user188@example.com,User 188
user189@example.com,User 189
user190@example.com,User 190
user191@example.com,User 191
user192@example.com,User 192
user193@example.com,User 193
user194@example.com,User 194
user195@example.com,User 195
user196@example.com,User 196
user197@example.com,User 197
user198@example.com,User 198
user199@example.com,User 199
user200@example.com,User 200
user201@example.com,User 201
user202@example.com,User 202
user203@example.com,User 203
user204@example.com,User 204
user205@example.com,User 205
user206@example.com,User 206
user207@example.com,User 207
user208@example.com,User 208
user209@example.com,User 209
user210@example.com,User 210
user211@example.com,User 211
user212@example.com,User 212
user213@example.com,User 213
user214@example.com,User 214
user215@example.com,User 215
user216@example.com,User 216
user217@example.com,User 217
user218@example.com,User 218
user219@example.com,User 219
user220@example.com,User 220
user221@example.com,User 221
user222@example.com,User 222
user223@example.com,User 223
user224@example.com,User 224
user225@example.com,User 225
user226@example.com,User 226
user227@example.com,User 227
user228@example.com,User 228
user229@example.com,User 229
user230@example.com,User 230
user231@example.com,User 231
user232@example.com,User 232
user233@example.com,User 233
user234@example.com,User 234
user235@example.com,User 235
user236@example.com,User 236
user237@example.com,User 237
user238@example.com,User 238
user239@example.com,User 239
user240@example.com,User 240
user241@example.com,User 241
user242@example.com,User 242
user243@example.com,User 243
user244@example.com,User 244
user245@example.com,User 245
user246@example.com,User 246
user247@example.com,User 247
user248@example.com,User 248
user249@example.com,User 249
user250@example.com,User 250
user251@example.com,User 251
user252@example.com,User 252
user253@example.com,User 253
user254@example.com,User 254
user255@example.com,User 255
user256@example.com,User 256
user257@example.com,User 257
user258@example.com,User 258
user259@example.com,User 259
user260@example.com,User 260
user261@example.com,User 261
user262@example.com,User 262
user263@example.com,User 263
user264@example.com,User 264
user265@example.com,User 265
user266@example.com,User 266
user267@example.com,User 267
user268@example.com,User 268
user269@example.com,User 269
user270@example.com,User 270
user271@example.com,User 271
user272@example.com,User 272
user273@example.com,User 273
user274@example.com,User 274
user275@example.com,User 275
user276@example.com,User 276
user277@example.com,User 277
user278@example.com,User 278
user279@example.com,User 279
user280@example.com,User 280
user281@example.com,User 281
user282@example.com,User 282
user283@example.com,User 283
user284@example.com,User 284
user285@example.com,User 285
user286@example.com,User 286
user287@example.com,User 287
user288@example.com,User 288
user289@example.com,User 289
user290@example.com,User 290
user291@example.com,User 291
user292@example.com,User 292
user293@example.com,User 293
user294@example.com,User 294
user295@example.com,User 295
user296@example.com,User 296
user297@example.com,User 297
user298@example.com,User 298
user299@example.com,User 299
user300@example.com,User 300
user301@example.com,User 301
user302@example.com,User 302
user303@example.com,User 303
user304@example.com,User 304
user305@example.com,User 305
user306@example.com,User 306
user307@example.com,User 307
user308@example.com,User 308
user309@example.com,User 309
user310@example.com,User 310
user311@example.com,User 311
user312@example.com,User 312
user313@example.com,User 313
user314@example.com,User 314
user315@example.com,User 315
user316@example.com,User 316
user317@example.com,User 317
user318@example.com,User 318
user319@example.com,User 319
user320@example.com,User 320
user321@example.com,User 321
user322@example.com,User 322
user323@example.com,User 323
user324@example.com,User 324
user325@example.com,User 325
user326@example.com,User 326
user327@example.com,User 327
user328@example.com,User 328
user329@example.com,User 329
user330@example.com,User 330
user331@example.com,User 331
user332@example.com,User 332
user333@example.com,User 333
user334@example.com,User 334
user335@example.com,User 335
user336@example.com,User 336
user337@example.com,User 337
user338@example.com,User 338
user339@example.com,User 339
user340@example.com,User 340
user341@example.com,User 341
user342@example.com,User 342
user343@example.com,User 343
user344@example.com,User 344
user345@example.com,User 345
user346@example.com,User 346
user347@example.com,User 347
user348@example.com,User 348
user349@example.com,User 349
user350@example.com,User 350
user351@example.com,User 351
user352@example.com,User 352
user353@example.com,User 353
user354@example.com,User 354
user355@example.com,User 355
user356@example.com,User 356
user357@example.com,User 357
user358@example.com,User 358
user359@example.com,User 359
user360@example.com,User 360
user361@example.com,User 361
user362@example.com,User 362
user363@example.com,User 363
user364@example.com,User 364
user365@example.com,User 365
user366@example.com,User 366
user367@example.com,User 367
user368@example.com,User 368
user369@example.com,User 369
user370@example.com,User 370
user371@example.com,User 371
user372@example.com,User 372
user373@example.com,User 373
user374@example.com,User 374
user375@example.com,User 375
user376@example.com,User 376
user377@example.com,User 377
user378@example.com,User 378
user379@example.com,User 379
user380@example.com,User 380
user381@example.com,User 381
user382@example.com,User 382
user383@example.com,User 383
user384@example.com,User 384
user385@example.com,User 385
user386@example.com,User 386
user387@example.com,User 387
user388@example.com,User 388
user389@example.com,User 389
user390@example.com,User 390
user391@example.com,User 391
user392@example.com,User 392
user393@example.com,User 393
user394@example.com,User 394
user395@example.com,User 395
user396@example.com,User 396
user397@example.com,User 397
user398@example.com,User 398
user399@example.com,User 399
user400@example.com,User 400
user401@example.com,User 401
user402@example.com,User 402
user403@example.com,User 403
user404@example.com,User 404
user405@example.com,User 405
user406@example.com,User 406
user407@example.com,User 407
user408@example.com,User 408
user409@example.com,User 409
user410@example.com,User 410
user411@example.com,User 411
user412@example.com,User 412
user413@example.com,User 413
user414@example.com,User 414
user415@example.com,User 415
user416@example.com,User 416
user417@example.com,User 417
user418@example.com,User 418
user419@example.com,User 419
user420@example.com,User 420
user421@example.com,User 421
user422@example.com,User 422
user423@example.com,User 423
user424@example.com,User 424
user425@example.com,User 425
user426@example.com,User 426
user427@example.com,User 427
user428@example.com,User 428
user429@example.com,User 429
user430@example.com,User 430
user431@example.com,User 431
user432@example.com,User 432
user433@example.com,User 433
user434@example.com,User 434
user435@example.com,User 435
user436@example.com,User 436
user437@example.com,User 437
user438@example.com,User 438
user439@example.com,User 439
user440@example.com,User 440
user441@example.com,User 441
user442@example.com,User 442
user443@example.com,User 443
user444@example.com,User 444
user445@example.com,User 445
user446@example.com,User 446
user447@example.com,User 447
user448@example.com,User 448
user449@example.com,User 449
user450@example.com,User 450
user451@example.com,User 451
user452@example.com,User 452
user453@example.com,User 453
user454@example.com,User 454
user455@example.com,User 455
user456@example.com,User 456
user457@example.com,User 457
user458@example.com,User 458
user459@example.com,User 459
user460@example.com,User 460
user461@example.com,User 461
user462@example.com,User 462
user463@example.com,User 463
user464@example.com,User 464
user465@example.com,User 465
user466@example.com,User 466
user467@example.com,User 467
user468@example.com,User 468
user469@example.com,User 469
user470@example.com,User 470
user471@example.com,User 471
user472@example.com,User 472
user473@example.com,User 473
user474@example.com,User 474
user475@example.com,User 475
user476@example.com,User 476
user477@example.com,User 477
user478@example.com,User 478
user479@example.com,User 479
user480@example.com,User 480
user481@example.com,User 481
user482@example.com,User 482
user483@example.com,User 483
user484@example.com,User 484
user485@example.com,User 485
user486@example.com,User 486
user487@example.com,User 487
user488@example.com,User 488
user489@example.com,User 489
user490@example.com,User 490
user491@example.com,User 491
user492@example.com,User 492
user493@example.com,User 493
user494@example.com,User 494
user495@example.com,User 495
user496@example.com,User 496
user497@example.com,User 497
user498@example.com,User 498
user499@example.com,User 499
user500@example.com,User 500
user501@example.com,User 501
user502@example.com,User 502
user503@example.com,User 503
user504@example.com,User 504
user505@example.com,User 505
user506@example.com,User 506
user507@example.com,User 507
user508@example.com,User 508
user509@example.com,User 509
user510@example.com,User 510
user511@example.com,User 511
user512@example.com,User 512
user513@example.com,User 513
user514@example.com,User 514
user515@example.com,User 515
user516@example.com,User 516
user517@example.com,User 517
user518@example.com,User 518
user519@example.com,User 519
user520@example.com,User 520
user521@example.com,User 521
user522@example.com,User 522
user523@example.com,User 523
user524@example.com,User 524
user525@example.com,User 525
user526@example.com,User 526
user527@example.com,User 527
user528@example.com,User 528
user529@example.com,User 529
user530@example.com,User 530
user531@example.com,User 531
user532@example.com,User 532
user533@example.com,User 533
user534@example.com,User 534
user535@example.com,User 535
user536@example.com,User 536
user537@example.com,User 537
user538@example.com,User 538
user539@example.com,User 539
user540@example.com,User 540
user541@example.com,User 541
user542@example.com,User 542
user543@example.com,User 543
user544@example.com,User 544
user545@example.com,User 545
user546@example.com,User 546
user547@example.com,User 547
user548@example.com,User 548
user549@example.com,User 549
user550@example.com,User 550
user551@example.com,User 551
user552@example.com,User 552
user553@example.com,User 553
user554@example.com,User 554
user555@example.com,User 555
user556@example.com,User 556
user557@example.com,User 557
user558@example.com,User 558
user559@example.com,User 559
user560@example.com,User 560
user561@example.com,User 561
user562@example.com,User 562
user563@example.com,User 563
user564@example.com,User 564
user565@example.com,User 565
user566@example.com,User 566
user567@example.com,User 567
user568@example.com,User 568
user569@example.com,User 569
user570@example.com,User 570
user571@example.com,User 571
user572@example.com,User 572
user573@example.com,User 573
user574@example.com,User 574
user575@example.com,User 575
user576@example.com,User 576
user577@example.com,User 577
user578@example.com,User 578
user579@example.com,User 579
user580@example.com,User 580
user581@example.com,User 581
user582@example.com,User 582
user583@example.com,User 583
user584@example.com,User 584
user585@example.com,User 585
user586@example.com,User 586
user587@example.com,User 587
user588@example.com,User 588
user589@example.com,User 589
user590@example.com,User 590
user591@example.com,User 591
user592@example.com,User 592
user593@example.com,User 593
user594@example.com,User 594
user595@example.com,User 595
user596@example.com,User 596
user597@example.com,User 597
user598@example.com,User 598
user599@example.com,User 599
user600@example.com,User 600
user601@example.com,User 601
user602@example.com,User 602
user603@example.com,User 603
user604@example.com,User 604
user605@example.com,User 605
user606@example.com,User 606
user607@example.com,User 607
user608@example.com,User 608
user609@example.com,User 609
user610@example.com,User 610
user611@example.com,User 611
user612@example.com,User 612
user613@example.com,User 613
user614@example.com,User 614
user615@example.com,User 615
user616@example.com,User 616
user617@example.com,User 617
user618@example.com,User 618
user619@example.com,User 619
user620@example.com,User 620
user621@example.com,User 621
user622@example.com,User 622
user623@example.com,User 623
user624@example.com,User 624
user625@example.com,User 625
user626@example.com,User 626
user627@example.com,User 627
user628@example.com,User 628
user629@example.com,User 629
user630@example.com,User 630
user631@example.com,User 631
user632@example.com,User 632
user633@example.com,User 633
user634@example.com,User 634
user635@example.com,User 635
user636@example.com,User 636
user637@example.com,User 637
user638@example.com,User 638
user639@example.com,User 639
user640@example.com,User 640
user641@example.com,User 641
user642@example.com,User 642
user643@example.com,User 643
user644@example.com,User 644
user645@example.com,User 645
user646@example.com,User 646
user647@example.com,User 647
user648@example.com,User 648
user649@example.com,User 649
user650@example.com,User 650
user651@example.com,User 651
user652@example.com,User 652
user653@example.com,User 653
user654@example.com,User 654
user655@example.com,User 655
user656@example.com,User 656
user657@example.com,User 657
user658@example.com,User 658
user659@example.com,User 659
user660@example.com,User 660
user661@example.com,User 661
user662@example.com,User 662
user663@example.com,User 663
user664@example.com,User 664
user665@example.com,User 665
user666@example.com,User 666
user667@example.com,User 667
user668@example.com,User 668
user669@example.com,User 669
user670@example.com,User 670
user671@example.com,User 671
user672@example.com,User 672
user673@example.com,User 673
user674@example.com,User 674
user675@example.com,User 675
user676@example.com,User 676
user677@example.com,User 677
user678@example.com,User 678
user679@example.com,User 679
user680@example.com,User 680
user681@example.com,User 681
user682@example.com,User 682
user683@example.com,User 683
user684@example.com,User 684
user685@example.com,User 685
user686@example.com,User 686
user687@example.com,User 687
user688@example.com,User 688
user689@example.com,User 689
user690@example.com,User 690
user691@example.com,User 691
user692@example.com,User 692
user693@example.com,User 693
user694@example.com,User 694
user695@example.com,User 695
user696@example.com,User 696
user697@example.com,User 697
user698@example.com,User 698
user699@example.com,User 699
user700@example.com,User 700
user701@example.com,User 701
user702@example.com,User 702
user703@example.com,User 703
user704@example.com,User 704
user705@example.com,User 705
user706@example.com,User 706
user707@example.com,User 707
user708@example.com,User 708
user709@example.com,User 709
user710@example.com,User 710
user711@example.com,User 711
user712@example.com,User 712
user713@example.com,User 713
user714@example.com,User 714
user715@example.com,User 715
user716@example.com,User 716
user717@example.com,User 717
user718@example.com,User 718
user719@example.com,User 719
user720@example.com,User 720
user721@example.com,User 721
user722@example.com,User 722
user723@example.com,User 723
user724@example.com,User 724
user725@example.com,User 725
user726@example.com,User 726
user727@example.com,User 727
user728@example.com,User 728
user729@example.com,User 729
user730@example.com,User 730
user731@example.com,User 731
user732@example.com,User 732
user733@example.com,User 733
user734@example.com,User 734
user735@example.com,User 735
user736@example.com,User 736
user737@example.com,User 737
user738@example.com,User 738
user739@example.com,User 739
user740@example.com,User 740
user741@example.com,User 741
user742@example.com,User 742
user743@example.com,User 743
user744@example.com,User 744
user745@example.com,User 745
user746@example.com,User 746
user747@example.com,User 747
user748@example.com,User 748
user749@example.com,User 749
user750@example.com,User 750
user751@example.com,User 751
user752@example.com,User 752
user753@example.com,User 753
user754@example.com,User 754
user755@example.com,User 755
user756@example.com,User 756
user757@example.com,User 757
user758@example.com,User 758
user759@example.com,User 759
user760@example.com,User 760
user761@example.com,User 761
user762@example.com,User 762
user763@example.com,User 763
user764@example.com,User 764
user765@example.com,User 765
user766@example.com,User 766
user767@example.com,User 767
user768@example.com,User 768
user769@example.com,User 769
user770@example.com,User 770
user771@example.com,User 771
user772@example.com,User 772
user773@example.com,User 773
user774@example.com,User 774
user775@example.com,User 775
user776@example.com,User 776
user777@example.com,User 777
user778@example.com,User 778
user779@example.com,User 779
user780@example.com,User 780
user781@example.com,User 781
user782@example.com,User 782
user783@example.com,User 783
user784@example.com,User 784
user785@example.com,User 785
user786@example.com,User 786
user787@example.com,User 787
user788@example.com,User 788
user789@example.com,User 789
user790@example.com,User 790
user791@example.com,User 791
user792@example.com,User 792
user793@example.com,User 793
user794@example.com,User 794
user795@example.com,User 795
user796@example.com,User 796
user797@example.com,User 797
user798@example.com,User 798
user799@example.com,User 799
user800@example.com,User 800
user801@example.com,User 801
user802@example.com,User 802
user803@example.com,User 803
user804@example.com,User 804
user805@example.com,User 805
user806@example.com,User 806
user807@example.com,User 807
user808@example.com,User 808
user809@example.com,User 809
user810@example.com,User 810
user811@example.com,User 811
user812@example.com,User 812
user813@example.com,User 813
user814@example.com,User 814
user815@example.com,User 815
user816@example.com,User 816
user817@example.com,User 817
user818@example.com,User 818
user819@example.com,User 819
user820@example.com,User 820
user821@example.com,User 821
user822@example.com,User 822
user823@example.com,User 823
user824@example.com,User 824
user825@example.com,User 825
user826@example.com,User 826
user827@example.com,User 827
user828@example.com,User 828
user829@example.com,User 829
user830@example.com,User 830
user831@example.com,User 831
user832@example.com,User 832
user833@example.com,User 833
user834@example.com,User 834
user835@example.com,User 835
user836@example.com,User 836
user837@example.com,User 837
user838@example.com,User 838
user839@example.com,User 839
user840@example.com,User 840
user841@example.com,User 841
user842@example.com,User 842
user843@example.com,User 843
user844@example.com,User 844
user845@example.com,User 845
user846@example.com,User 846
user847@example.com,User 847
user848@example.com,User 848
user849@example.com,User 849
user850@example.com,User 850
user851@example.com,User 851
user852@example.com,User 852
user853@example.com,User 853
user854@example.com,User 854
user855@example.com,User 855
user856@example.com,User 856
user857@example.com,User 857
user858@example.com,User 858
user859@example.com,User 859
user860@example.com,User 860
user861@example.com,User 861
user862@example.com,User 862
user863@example.com,User 863
user864@example.com,User 864
user865@example.com,User 865
user866@example.com,User 866
user867@example.com,User 867
user868@example.com,User 868
user869@example.com,User 869
user870@example.com,User 870
user871@example.com,User 871
user872@example.com,User 872
user873@example.com,User 873
user874@example.com,User 874
user875@example.com,User 875
user876@example.com,User 876
user877@example.com,User 877
user878@example.com,User 878
user879@example.com,User 879
user880@example.com,User 880
user881@example.com,User 881
user882@example.com,User 882
user883@example.com,User 883
user884@example.com,User 884
user885@example.com,User 885
user886@example.com,User 886
user887@example.com,User 887
user888@example.com,User 888
user889@example.com,User 889
user890@example.com,User 890
user891@example.com,User 891
user892@example.com,User 892
user893@example.com,User 893
user894@example.com,User 894
user895@example.com,User 895
user896@example.com,User 896
user897@example.com,User 897
user898@example.com,User 898
user899@example.com,User 899
user900@example.com,User 900
user901@example.com,User 901
user902@example.com,User 902
user903@example.com,User 903
user904@example.com,User 904
user905@example.com,User 905
user906@example.com,User 906
user907@example.com,User 907
user908@example.com,User 908
user909@example.com,User 909
user910@example.com,User 910
user911@example.com,User 911
user912@example.com,User 912
user913@example.com,User 913
user914@example.com,User 914
user915@example.com,User 915
user916@example.com,User 916
user917@example.com,User 917
user918@example.com,User 918
user919@example.com,User 919
user920@example.com,User 920
user921@example.com,User 921
user922@example.com,User 922
user923@example.com,User 923
user924@example.com,User 924
user925@example.com,User 925
user926@example.com,User 926
user927@example.com,User 927
user928@example.com,User 928
user929@example.com,User 929
user930@example.com,User 930
user931@example.com,User 931
user932@example.com,User 932
user933@example.com,User 933
user934@example.com,User 934
user935@example.com,User 935
user936@example.com,User 936
user937@example.com,User 937
user938@example.com,User 938
user939@example.com,User 939
user940@example.com,User 940
user941@example.com,User 941
user942@example.com,User 942
user943@example.com,User 943
user944@example.com,User 944
user945@example.com,User 945
user946@example.com,User 946
user947@example.com,User 947
user948@example.com,User 948
user949@example.com,User 949
user950@example.com,User 950
user951@example.com,User 951
user952@example.com,User 952
user953@example.com,User 953
user954@example.com,User 954
user955@example.com,User 955
user956@example.com,User 956
user957@example.com,User 957
user958@example.com,User 958
user959@example.com,User 959
user960@example.com,User 960
user961@example.com,User 961
user962@example.com,User 962
user963@example.com,User 963
user964@example.com,User 964
user965@example.com,User 965
user966@example.com,User 966
user967@example.com,User 967
user968@example.com,User 968
user969@example.com,User 969
user970@example.com,User 970
user971@example.com,User 971
user972@example.com,User 972
user973@example.com,User 973
user974@example.com,User 974
user975@example.com,User 975
user976@example.com,User 976
user977@example.com,User 977
user978@example.com,User 978
user979@example.com,User 979
user980@example.com,User 980
user981@example.com,User 981
user982@example.com,User 982
user983@example.com,User 983
user984@example.com,User 984
user985@example.com,User 985
user986@example.com,User 986
user987@example.com,User 987
user988@example.com,User 988
user989@example.com,User 989
user990@example.com,User 990
user991@example.com,User 991
user992@example.com,User 992
user993@example.com,User 993
user994@example.com,User 994
user995@example.com,User 995
user996@example.com,User 996
user997@example.com,User 997
user998@example.com,User 998
user999@example.com,User 999
user1000@example.com,User 1000
